industry_bucket,ai_intensity
information,0.2133762767701064
financial_activities,0.2130006324823501
professional_business_services,0.20060214745497643
education_health,0.17864450805090237
leisure_hospitality,0.1350758100192111
trade_transportation_utilities,0.17537340296624615
manufacturing,0.17588405404375607
construction,0.17422506433209675
mining_logging,0.17104172422925196
other_services,0.1740702399020005
